Activity,Assigned_Profile,Score
Activity_1,Profile_124,0.574810475306281
Activity_10,Profile_845,0.601173573235273
Activity_100,Profile_978,0.5644155296781705
Activity_1000,Profile_515,0.5549614576324915
Activity_101,Profile_832,0.5765335026187832
Activity_102,Profile_266,0.5544449360603578
Activity_103,Profile_21,0.6015074252904606
Activity_104,Profile_326,0.5747608748103803
Activity_105,Profile_342,0.5801402413393035
Activity_106,Profile_660,0.5856836704629127
Activity_107,Profile_469,0.5659573531430235
Activity_108,Profile_372,0.5675916661146584
Activity_109,Profile_367,0.5719779946075492
Activity_11,Profile_883,0.5716364340692686
Activity_110,Profile_687,0.5731298759041137
Activity_111,Profile_902,0.5574037420543716
Activity_112,Profile_747,0.5597959059416642
Activity_113,Profile_626,0.547942928208213
Activity_114,Profile_537,0.5757229836437315
Activity_115,Profile_750,0.587207747880962
Activity_116,Profile_786,0.5744927430174857
Activity_117,Profile_937,0.5640642580945997
Activity_118,Profile_395,0.5791332276015233
Activity_119,Profile_398,0.5634837949096023
Activity_12,Profile_651,0.5786696290535533
Activity_120,Profile_444,0.5647752033443912
Activity_121,Profile_114,0.5677393739829049
Activity_122,Profile_91,0.5549791376287537
Activity_123,Profile_30,0.5778166396937251
Activity_124,Profile_945,0.5819791052795602
Activity_125,Profile_666,0.5895100425405043
Activity_126,Profile_913,0.5699021059612864
Activity_127,Profile_606,0.5616554913640158
Activity_128,Profile_574,0.5640777334658719
Activity_129,Profile_340,0.5753759281479262
Activity_13,Profile_752,0.571164959162882
Activity_130,Profile_487,0.5660036768322202
Activity_131,Profile_580,0.5768334630989834
Activity_132,Profile_276,0.57668420535
Activity_133,Profile_715,0.5633991088189775
Activity_134,Profile_78,0.5688547161610785
Activity_135,Profile_127,0.5677586039077871
Activity_136,Profile_931,0.5721109563234361
Activity_137,Profile_144,0.5697901592737856
Activity_138,Profile_686,0.5623961517600776
Activity_139,Profile_722,0.5671455240511006
Activity_14,Profile_97,0.5643250106901117
Activity_140,Profile_356,0.5694173589747376
Activity_141,Profile_610,0.5552947273277214
Activity_142,Profile_530,0.6022204351925027
Activity_143,Profile_466,0.5734361393722316
Activity_144,Profile_718,0.596948151824068
Activity_145,Profile_544,0.5690978614144172
Activity_146,Profile_561,0.5592755763227575
Activity_147,Profile_234,0.5944914273246029
Activity_148,Profile_77,0.5589540962628902
Activity_149,Profile_741,0.5764083591868842
Activity_15,Profile_83,0.5932748059810594
Activity_150,Profile_44,0.5668459577279547
Activity_151,Profile_18,0.5687155234636195
Activity_152,Profile_720,0.5718970767457124
Activity_153,Profile_944,0.586142784324694
Activity_154,Profile_447,0.5739198121437474
Activity_155,Profile_674,0.5730551752197537
Activity_156,Profile_478,0.5731999997570674
Activity_157,Profile_385,0.5804981586370338
Activity_158,Profile_310,0.5674640649129903
Activity_159,Profile_450,0.5835670494837971
Activity_16,Profile_759,0.5786919910581403
Activity_160,Profile_117,0.5745835934586615
Activity_161,Profile_104,0.5780776084456023
Activity_162,Profile_258,0.5649519598586454
Activity_163,Profile_135,0.5876055376061492
Activity_164,Profile_928,0.5593393246789895
Activity_165,Profile_332,0.5913009455453416
Activity_166,Profile_553,0.5770400612899749
Activity_167,Profile_161,0.5737482072942293
Activity_168,Profile_870,0.5812785326600688
Activity_169,Profile_62,0.5675602590725173
Activity_17,Profile_601,0.5564285302514571
Activity_170,Profile_825,0.5571402825953247
Activity_171,Profile_462,0.5720889231818139
Activity_172,Profile_422,0.5904530474147298
Activity_173,Profile_401,0.5803095546301044
Activity_174,Profile_963,0.6000720411311262
Activity_175,Profile_205,0.5664583612383438
Activity_176,Profile_438,0.5752949422273854
Activity_177,Profile_744,0.5717732256763413
Activity_178,Profile_500,0.5905123484228744
Activity_179,Profile_295,0.561012658334713
Activity_18,Profile_98,0.5867585172058521
Activity_180,Profile_564,0.5747202196843914
Activity_181,Profile_325,0.565232684567603
Activity_182,Profile_321,0.5627393954486934
Activity_183,Profile_306,0.5890568383043431
Activity_184,Profile_222,0.5699367163060148
Activity_185,Profile_129,0.5691097481753989
Activity_186,Profile_8,0.5966469364518211
Activity_187,Profile_875,0.581845367630438
Activity_188,Profile_575,0.5653581912821332
Activity_189,Profile_476,0.5523918481607294
Activity_19,Profile_819,0.5793588656071558
Activity_190,Profile_440,0.571513034157955
Activity_191,Profile_662,0.5799469763765875
Activity_192,Profile_822,0.5953599876962439
Activity_193,Profile_71,0.594097276888653
Activity_194,Profile_283,0.5859426638270182
Activity_195,Profile_311,0.5993658553034414
Activity_196,Profile_634,0.5644986757995524
Activity_197,Profile_182,0.5976560678205947
Activity_198,Profile_918,0.5624407442816406
Activity_199,Profile_881,0.6077096469997576
Activity_2,Profile_368,0.5860317162454971
Activity_20,Profile_245,0.5728607692919286
Activity_200,Profile_512,0.5886669949115008
Activity_201,Profile_66,0.5889195486647243
Activity_202,Profile_441,0.6143070797691863
Activity_203,Profile_656,0.5806635322682091
Activity_204,Profile_492,0.5523901826961276
Activity_205,Profile_494,0.5597335101313972
Activity_206,Profile_123,0.5608070589775729
Activity_207,Profile_754,0.5805500567410512
Activity_208,Profile_195,0.573639882967941
Activity_209,Profile_84,0.5642222436858172
Activity_21,Profile_509,0.5710009781759089
Activity_210,Profile_49,0.5922049325816591
Activity_211,Profile_552,0.5721475422198509
Activity_212,Profile_809,0.5769007337327949
Activity_213,Profile_719,0.5557224797380041
Activity_214,Profile_107,0.5450987996208464
Activity_215,Profile_804,0.5932188576919357
Activity_216,Profile_3,0.5665860507965801
Activity_217,Profile_784,0.577781365224146
Activity_218,Profile_640,0.5730423651806948
Activity_219,Profile_493,0.5608876372931555
Activity_22,Profile_567,0.5767618968095072
Activity_220,Profile_518,0.5789019563274974
Activity_221,Profile_729,0.5753404298767083
Activity_222,Profile_857,0.5627794201495341
Activity_223,Profile_700,0.5650736492220795
Activity_224,Profile_408,0.598338921687133
Activity_225,Profile_43,0.5613998369808181
Activity_226,Profile_45,0.5644441703442163
Activity_227,Profile_815,0.5617719293712317
Activity_228,Profile_475,0.5624993695378813
Activity_229,Profile_761,0.5618451471003681
Activity_23,Profile_463,0.5751688769226708
Activity_230,Profile_596,0.5847236102000422
Activity_231,Profile_400,0.5741837949736043
Activity_232,Profile_855,0.594067871312753
Activity_233,Profile_119,0.5834645525619477
Activity_234,Profile_866,0.5775088889965599
Activity_235,Profile_154,0.5757438228971179
Activity_236,Profile_667,0.5785792285815538
Activity_237,Profile_184,0.5799207455886063
Activity_238,Profile_246,0.5673745207602409
Activity_239,Profile_191,0.5731263376362059
Activity_24,Profile_308,0.5670210188861946
Activity_240,Profile_976,0.5632727478074622
Activity_241,Profile_26,0.574141084624025
Activity_242,Profile_187,0.5522577597960222
Activity_243,Profile_519,0.5905813705300226
Activity_244,Profile_289,0.5710697616291887
Activity_245,Profile_169,0.570149016406015
Activity_246,Profile_678,0.5725741704880004
Activity_247,Profile_823,0.5629175195783817
Activity_248,Profile_479,0.5648330269010967
Activity_249,Profile_231,0.5830030660817356
Activity_25,Profile_932,0.5729734982568476
Activity_250,Profile_871,0.5707524682212662
Activity_251,Profile_212,0.5765447855720177
Activity_252,Profile_229,0.5560893199403354
Activity_253,Profile_287,0.5658047027203611
Activity_254,Profile_366,0.5800526385381233
Activity_255,Profile_639,0.5705416741278468
Activity_256,Profile_989,0.5731452864287758
Activity_257,Profile_260,0.5728493786444473
Activity_258,Profile_588,0.5689222255075522
Activity_259,Profile_118,0.5784987808305214
Activity_26,Profile_23,0.5826338995119913
Activity_260,Profile_249,0.5930091727112422
Activity_261,Profile_345,0.5729601368100863
Activity_262,Profile_303,0.5739491903925024
Activity_263,Profile_826,0.5847004943746176
Activity_264,Profile_846,0.5666281232696844
Activity_265,Profile_851,0.5794108470902266
Activity_266,Profile_263,0.5784107209457164
Activity_267,Profile_657,0.5565493369534404
Activity_268,Profile_585,0.5743862138504005
Activity_269,Profile_916,0.5713272044862231
Activity_27,Profile_769,0.5820973432620932
Activity_270,Profile_465,0.5848614536026165
Activity_271,Profile_217,0.551556586633398
Activity_272,Profile_19,0.577927922573487
Activity_273,Profile_50,0.5624035244939194
Activity_274,Profile_343,0.5807700470786824
Activity_275,Profile_617,0.5782962549070453
Activity_276,Profile_758,0.5744798504505887
Activity_277,Profile_186,0.5779198436739178
Activity_278,Profile_862,0.5633611213698547
Activity_279,Profile_654,0.5774872009437882
Activity_28,Profile_594,0.5803670228872442
Activity_280,Profile_264,0.5715000084143803
Activity_281,Profile_816,0.5759207581390691
Activity_282,Profile_513,0.5693748046369858
Activity_283,Profile_27,0.5595186793591823
Activity_284,Profile_991,0.5753547608782744
Activity_285,Profile_394,0.5729781261103079
Activity_286,Profile_702,0.5747276060833727
Activity_287,Profile_757,0.5717314493828224
Activity_288,Profile_619,0.5942344552521401
Activity_289,Profile_659,0.5687241740170055
Activity_29,Profile_852,0.5978929834484439
Activity_290,Profile_132,0.581670934077333
Activity_291,Profile_353,0.5803034699190255
Activity_292,Profile_597,0.5683864859204161
Activity_293,Profile_235,0.5813619756328298
Activity_294,Profile_483,0.5559941425940956
Activity_295,Profile_403,0.5747756057371844
Activity_296,Profile_887,0.563615562342604
Activity_297,Profile_768,0.5725950171691567
Activity_298,Profile_969,0.5717724473125327
Activity_299,Profile_35,0.5648316998297775
Activity_3,Profile_252,0.5754386456834312
Activity_30,Profile_392,0.5869052612094718
Activity_300,Profile_728,0.569597381559764
Activity_301,Profile_985,0.5618702270082713
Activity_302,Profile_297,0.5732638571504804
Activity_303,Profile_163,0.5606425100778457
Activity_304,Profile_497,0.574684847029219
Activity_305,Profile_406,0.5787502932375227
Activity_306,Profile_125,0.5765189205937347
Activity_307,Profile_415,0.5863156268367632
Activity_308,Profile_859,0.578302917017844
Activity_309,Profile_959,0.5826000107411767
Activity_31,Profile_236,0.5762816930362855
Activity_310,Profile_693,0.5776685054742495
Activity_311,Profile_485,0.5675460947632469
Activity_312,Profile_188,0.5766800976755051
Activity_313,Profile_397,0.5718425830628264
Activity_314,Profile_41,0.5749777117609128
Activity_315,Profile_905,0.5548842494128898
Activity_316,Profile_451,0.5816543362677189
Activity_317,Profile_313,0.5607070392320629
Activity_318,Profile_93,0.5971492707912576
Activity_319,Profile_174,0.5664835722333957
Activity_32,Profile_756,0.5651526368758975
Activity_320,Profile_141,0.5599877927045073
Activity_321,Profile_922,0.5799848654713514
Activity_322,Profile_953,0.5849590216826779
Activity_323,Profile_603,0.5866328882143823
Activity_324,Profile_877,0.5913573484002658
Activity_325,Profile_541,0.5712064788212726
Activity_326,Profile_885,0.5556427719388876
Activity_327,Profile_732,0.585755325977886
Activity_328,Profile_473,0.5624990976098616
Activity_329,Profile_508,0.5768383344187739
Activity_33,Profile_255,0.5834003798707217
Activity_330,Profile_471,0.5718032439288349
Activity_331,Profile_780,0.5767519285489199
Activity_332,Profile_906,0.5584150415779665
Activity_333,Profile_915,0.5865032623724559
Activity_334,Profile_777,0.5802621858880008
Activity_335,Profile_278,0.5654242976391134
Activity_336,Profile_370,0.5689779268937666
Activity_337,Profile_268,0.5677507682077757
Activity_338,Profile_74,0.5646952534236713
Activity_339,Profile_369,0.5596175516691716
Activity_34,Profile_101,0.5822948115377679
Activity_340,Profile_613,0.587310307745179
Activity_341,Profile_529,0.5722905295970856
Activity_342,Profile_138,0.5761997276499228
Activity_343,Profile_632,0.5783097880877609
Activity_344,Profile_425,0.5531157410546478
Activity_345,Profile_79,0.5685618515388309
Activity_346,Profile_309,0.5753078310064035
Activity_347,Profile_947,0.5763141653462467
Activity_348,Profile_853,0.5866406576420518
Activity_349,Profile_710,0.5730191339664729
Activity_35,Profile_736,0.5830953776111104
Activity_350,Profile_407,0.5596918735624429
Activity_351,Profile_291,0.5696611248724888
Activity_352,Profile_971,0.5753700800661447
Activity_353,Profile_773,0.5615318010590467
Activity_354,Profile_442,0.5709444558733224
Activity_355,Profile_986,0.5729494535606866
Activity_356,Profile_726,0.5884665942883357
Activity_357,Profile_106,0.5972845476325521
Activity_358,Profile_431,0.568439055513518
Activity_359,Profile_739,0.5595827750929362
Activity_36,Profile_279,0.5885488356848373
Activity_360,Profile_436,0.5548852875468199
Activity_361,Profile_789,0.5758690656814621
Activity_362,Profile_87,0.586749790075107
Activity_363,Profile_225,0.5838481221221942
Activity_364,Profile_527,0.5823988946886339
Activity_365,Profile_847,0.5922642828555523
Activity_366,Profile_834,0.5764183614287834
Activity_367,Profile_491,0.5779059252339406
Activity_368,Profile_449,0.5816313978130622
Activity_369,Profile_481,0.5685138747345814
Activity_37,Profile_248,0.5640393944894401
Activity_370,Profile_86,0.5761712468785364
Activity_371,Profile_53,0.5744621038275776
Activity_372,Profile_9,0.5639256015515054
Activity_373,Profile_24,0.5837419209435231
Activity_374,Profile_938,0.5544117278253038
Activity_375,Profile_532,0.5558532285124711
Activity_376,Profile_28,0.5886642746666472
Activity_377,Profile_692,0.569031098093763
Activity_378,Profile_688,0.5635605796892447
Activity_379,Profile_136,0.5839872982142746
Activity_38,Profile_20,0.5756480107947569
Activity_380,Profile_988,0.5727173299537277
Activity_381,Profile_910,0.5933667237838479
Activity_382,Profile_520,0.5887377724914977
Activity_383,Profile_770,0.5500356871238183
Activity_384,Profile_929,0.5678177684192052
Activity_385,Profile_120,0.5797209467327158
Activity_386,Profile_456,0.5867167975837243
Activity_387,Profile_661,0.5961203701266297
Activity_388,Profile_705,0.5853491787653236
Activity_389,Profile_376,0.5558583416403426
Activity_39,Profile_334,0.5669857768007368
Activity_390,Profile_591,0.5688315895666227
Activity_391,Profile_533,0.565704519590126
Activity_392,Profile_432,0.5797638194980703
Activity_393,Profile_711,0.574657700726733
Activity_394,Profile_64,0.607254775654073
Activity_395,Profile_336,0.5824686094067385
Activity_396,Profile_676,0.5868411197033769
Activity_397,Profile_835,0.5578485082405337
Activity_398,Profile_364,0.5745534065775166
Activity_399,Profile_568,0.5569696552438176
Activity_4,Profile_158,0.5706136977526178
Activity_40,Profile_865,0.5801150087873352
Activity_400,Profile_665,0.5639709347049113
Activity_401,Profile_763,0.5845389054147129
Activity_402,Profile_649,0.5625118265469717
Activity_403,Profile_468,0.5843655882948532
Activity_404,Profile_764,0.5630295729055099
Activity_405,Profile_999,0.5775777205824251
Activity_406,Profile_350,0.5565859995529631
Activity_407,Profile_504,0.5696635759505928
Activity_408,Profile_962,0.5713597520201905
Activity_409,Profile_531,0.5883783484603614
Activity_41,Profile_550,0.5825797308904267
Activity_410,Profile_712,0.5689497796355925
Activity_411,Profile_965,0.5644355177186501
Activity_412,Profile_445,0.5683403808779175
Activity_413,Profile_149,0.5708709683414704
Activity_414,Profile_884,0.5688694787715498
Activity_415,Profile_354,0.5826385953067054
Activity_416,Profile_540,0.5697796245550478
Activity_417,Profile_223,0.5653917637337663
Activity_418,Profile_848,0.5706682837343298
Activity_419,Profile_643,0.5837919642233788
Activity_42,Profile_413,0.5695556314411925
Activity_420,Profile_707,0.5645007887622063
Activity_421,Profile_190,0.5733465916201848
Activity_422,Profile_108,0.5877010454285221
Activity_423,Profile_241,0.5647902765595055
Activity_424,Profile_302,0.5666705831062684
Activity_425,Profile_669,0.5601660653895714
Activity_426,Profile_699,0.5883198177642033
Activity_427,Profile_633,0.5602762188271894
Activity_428,Profile_983,0.5688556497602059
Activity_429,Profile_755,0.569429680859833
Activity_43,Profile_351,0.5857656697763712
Activity_430,Profile_904,0.5556340536200823
Activity_431,Profile_583,0.5919008878691927
Activity_432,Profile_645,0.5690316009957916
Activity_433,Profile_12,0.5750611462196966
Activity_434,Profile_143,0.5628006431373108
Activity_435,Profile_37,0.5703167913285981
Activity_436,Profile_517,0.5796360167977965
Activity_437,Profile_380,0.5649597999848239
Activity_438,Profile_749,0.560321934538082
Activity_439,Profile_194,0.571771202167493
Activity_44,Profile_685,0.5681355531250054
Activity_440,Profile_47,0.5770729016712935
Activity_441,Profile_13,0.5779740419031052
Activity_442,Profile_923,0.5652940101672916
Activity_443,Profile_7,0.5514242969837769
Activity_444,Profile_528,0.5569738241856722
Activity_445,Profile_378,0.5726140099346039
Activity_446,Profile_357,0.5746833948104992
Activity_447,Profile_396,0.5931253000566734
Activity_448,Profile_941,0.5879626077132635
Activity_449,Profile_290,0.5676520994059466
Activity_45,Profile_671,0.584733538472344
Activity_450,Profile_839,0.5767100851862894
Activity_451,Profile_998,0.5591463919211128
Activity_452,Profile_288,0.5638704427889656
Activity_453,Profile_484,0.5698373143221612
Activity_454,Profile_876,0.5672292859165239
Activity_455,Profile_771,0.5865824480414819
Activity_456,Profile_305,0.5711334493107083
Activity_457,Profile_664,0.570940796032216
Activity_458,Profile_800,0.5717678342599221
Activity_459,Profile_430,0.5779555163290249
Activity_46,Profile_658,0.5721473638903296
Activity_460,Profile_684,0.5703388344931917
Activity_461,Profile_748,0.5681813781387455
Activity_462,Profile_147,0.574820826638275
Activity_463,Profile_981,0.5957305503546403
Activity_464,Profile_42,0.5592807165245339
Activity_465,Profile_868,0.5627987291382952
Activity_466,Profile_672,0.5693759740240394
Activity_467,Profile_338,0.5712716513011389
Activity_468,Profile_274,0.5832453412203312
Activity_469,Profile_524,0.5892183777909451
Activity_47,Profile_251,0.5575500060265127
Activity_470,Profile_480,0.5743635837321538
Activity_471,Profile_180,0.5654328888759553
Activity_472,Profile_126,0.5713402937144402
Activity_473,Profile_892,0.5749550786263785
Activity_474,Profile_220,0.5865458114265352
Activity_475,Profile_153,0.5756674108710174
Activity_476,Profile_525,0.5685590406711682
Activity_477,Profile_682,0.5705339890122717
Activity_478,Profile_29,0.5703721967528687
Activity_479,Profile_888,0.5717623523377193
Activity_48,Profile_563,0.5535178142051651
Activity_480,Profile_956,0.5770503820332417
Activity_481,Profile_299,0.5857178696853267
Activity_482,Profile_689,0.5774427144902811
Activity_483,Profile_698,0.5774889609752764
Activity_484,Profile_200,0.5920474617097194
Activity_485,Profile_68,0.5746867850616317
Activity_486,Profile_358,0.5677100100004732
Activity_487,Profile_214,0.5766473250245816
Activity_488,Profile_167,0.6001799731093096
Activity_489,Profile_604,0.5589647201229175
Activity_49,Profile_955,0.5837819268135623
Activity_490,Profile_802,0.5834171853044103
Activity_491,Profile_502,0.5453527368260298
Activity_492,Profile_333,0.5773266291768041
Activity_493,Profile_280,0.553398557752103
Activity_494,Profile_162,0.5502848156041726
Activity_495,Profile_382,0.5623814911609147
Activity_496,Profile_477,0.5752599688984725
Activity_497,Profile_940,0.5988396735760486
Activity_498,Profile_317,0.5832590913049405
Activity_499,Profile_203,0.5776809795757545
Activity_5,Profile_589,0.5876735268648041
Activity_50,Profile_778,0.5683800131930584
Activity_500,Profile_269,0.5566688412997296
Activity_501,Profile_723,0.5581241525651277
Activity_502,Profile_788,0.5829821080931268
Activity_503,Profile_636,0.5782456172859005
Activity_504,Profile_990,0.5640090501216739
Activity_505,Profile_539,0.5797848371415127
Activity_506,Profile_76,0.5633924214475013
Activity_507,Profile_262,0.5833195908816174
Activity_508,Profile_977,0.5691441886768706
Activity_509,Profile_150,0.5827258865460978
Activity_51,Profile_346,0.5761039543657197
Activity_510,Profile_860,0.5826176672951043
Activity_511,Profile_329,0.587779404405893
Activity_512,Profile_811,0.5640366612087192
Activity_513,Profile_880,0.5684669625330064
Activity_514,Profile_457,0.5998846422960613
Activity_515,Profile_85,0.5985620897671993
Activity_516,Profile_642,0.5951506479903663
Activity_517,Profile_926,0.5847809959068109
Activity_518,Profile_116,0.5848201438351474
Activity_519,Profile_829,0.5844504671910208
Activity_52,Profile_273,0.5934673372865108
Activity_520,Profile_256,0.5796829976946646
Activity_521,Profile_901,0.5731217926507973
Activity_522,Profile_14,0.5739948717773113
Activity_523,Profile_331,0.5813716560786114
Activity_524,Profile_975,0.5815985984356334
Activity_525,Profile_319,0.5640401234120259
Activity_526,Profile_330,0.5654356261751077
Activity_527,Profile_858,0.5786830266143423
Activity_528,Profile_316,0.5834086078986571
Activity_529,Profile_615,0.5795318350893599
Activity_53,Profile_927,0.5692620702367135
Activity_530,Profile_570,0.5729437631242098
Activity_531,Profile_783,0.5701294620647794
Activity_532,Profile_183,0.574010316273364
Activity_533,Profile_602,0.57755209987881
Activity_534,Profile_437,0.5704649307355656
Activity_535,Profile_244,0.5790409804361798
Activity_536,Profile_94,0.5584425495945419
Activity_537,Profile_820,0.5772940763258665
Activity_538,Profile_323,0.566089243038189
Activity_539,Profile_670,0.5762493679444411
Activity_54,Profile_514,0.5715823319501018
Activity_540,Profile_526,0.5566113462945457
Activity_541,Profile_92,0.590462319825704
Activity_542,Profile_992,0.5695042389071893
Activity_543,Profile_796,0.5814758521628259
Activity_544,Profile_807,0.5909265045610836
Activity_545,Profile_69,0.5803632637048078
Activity_546,Profile_562,0.568249760326211
Activity_547,Profile_455,0.5678942699623519
Activity_548,Profile_765,0.5707807803016027
Activity_549,Profile_54,0.5592712355033483
Activity_55,Profile_714,0.5768651710511755
Activity_550,Profile_652,0.5717416111126857
Activity_551,Profile_995,0.573284243186677
Activity_552,Profile_946,0.5765704525766737
Activity_553,Profile_695,0.5880900442986965
Activity_554,Profile_549,0.5561838056816896
Activity_555,Profile_673,0.5906126527588066
Activity_556,Profile_828,0.5601041532362472
Activity_557,Profile_121,0.5671441589146127
Activity_558,Profile_738,0.5722464576450055
Activity_559,Profile_663,0.567628871758231
Activity_56,Profile_841,0.5699380542055753
Activity_560,Profile_324,0.5956365944250347
Activity_561,Profile_293,0.6002647282333379
Activity_562,Profile_600,0.5774964995101618
Activity_563,Profile_464,0.5651388094582834
Activity_564,Profile_99,0.5629004506357
Activity_565,Profile_355,0.5705371363414746
Activity_566,Profile_199,0.5803096268993518
Activity_567,Profile_994,0.572821783208044
Activity_568,Profile_159,0.5653320091813547
Activity_569,Profile_285,0.5646059540036178
Activity_57,Profile_523,0.591517037440078
Activity_570,Profile_625,0.5745666178191005
Activity_571,Profile_75,0.6010718247901952
Activity_572,Profile_997,0.5613069214951828
Activity_573,Profile_439,0.5598616480621361
Activity_574,Profile_294,0.5776935107950011
Activity_575,Profile_219,0.5921657990675092
Activity_576,Profile_185,0.5743971171415205
Activity_577,Profile_554,0.5753750234184316
Activity_578,Profile_622,0.6029301289450535
Activity_579,Profile_418,0.5637523098879222
Activity_58,Profile_581,0.5548240930494136
Activity_580,Profile_349,0.5937410955977676
Activity_581,Profile_785,0.575699397096981
Activity_582,Profile_576,0.5630022326799302
Activity_583,Profile_787,0.5733820065775269
Activity_584,Profile_503,0.5706522953702439
Activity_585,Profile_171,0.5766508468676705
Activity_586,Profile_362,0.5655283072961099
Activity_587,Profile_797,0.5679850718114713
Activity_588,Profile_146,0.5704645137308789
Activity_589,Profile_680,0.5713525139028532
Activity_59,Profile_557,0.580217028350411
Activity_590,Profile_630,0.5767845432909047
Activity_591,Profile_100,0.5834698093607156
Activity_592,Profile_966,0.5703207148809258
Activity_593,Profile_936,0.5804981375150317
Activity_594,Profile_644,0.5704166706998952
Activity_595,Profile_863,0.5785376551578602
Activity_596,Profile_213,0.5680876134430682
Activity_597,Profile_806,0.569999633955448
Activity_598,Profile_89,0.5737850649126447
Activity_599,Profile_416,0.579516051235315
Activity_6,Profile_878,0.5730194160399911
Activity_60,Profile_843,0.5809538143211943
Activity_600,Profile_703,0.5911885423188867
Activity_601,Profile_411,0.5647435730641629
Activity_602,Profile_627,0.5621566450883978
Activity_603,Profile_624,0.5639656031186226
Activity_604,Profile_2,0.5619039706096634
Activity_605,Profile_655,0.5584838362802726
Activity_606,Profile_181,0.5611778697450222
Activity_607,Profile_33,0.5830484935188176
Activity_608,Profile_275,0.5832860629720363
Activity_609,Profile_210,0.563690005939285
Activity_61,Profile_968,0.570485683026979
Activity_610,Profile_679,0.5765531039615835
Activity_611,Profile_55,0.585028797466376
Activity_612,Profile_586,0.5781770874473743
Activity_613,Profile_742,0.5827890777204678
Activity_614,Profile_536,0.566988035341103
Activity_615,Profile_608,0.5821653929469718
Activity_616,Profile_818,0.5840689595993008
Activity_617,Profile_38,0.5711422395183648
Activity_618,Profile_399,0.5702457722074133
Activity_619,Profile_709,0.5586304402010891
Activity_62,Profile_175,0.5710802475237348
Activity_620,Profile_112,0.5640885816554655
Activity_621,Profile_218,0.5519138619806067
Activity_622,Profile_879,0.5710066081236733
Activity_623,Profile_81,0.5741136159096152
Activity_624,Profile_261,0.5711318730093392
Activity_625,Profile_833,0.5916106371629215
Activity_626,Profile_322,0.590094410869025
Activity_627,Profile_421,0.5642631364965819
Activity_628,Profile_4,0.5756933368177798
Activity_629,Profile_817,0.5814843424178545
Activity_63,Profile_725,0.5708184565502599
Activity_630,Profile_433,0.5679042112445423
Activity_631,Profile_733,0.5692911967272923
Activity_632,Profile_424,0.5796679135999524
Activity_633,Profile_282,0.5776866034350521
Activity_634,Profile_243,0.5818516063367877
Activity_635,Profile_34,0.5696859783953205
Activity_636,Profile_939,0.5782295945756751
Activity_637,Profile_133,0.5839813612835446
Activity_638,Profile_542,0.575177213878337
Activity_639,Profile_886,0.5647933329960877
Activity_64,Profile_950,0.5591992963624361
Activity_640,Profile_840,0.5743846352233002
Activity_641,Profile_543,0.5668876887076514
Activity_642,Profile_609,0.5761516741024383
Activity_643,Profile_572,0.572581010323923
Activity_644,Profile_70,0.5672988764786314
Activity_645,Profile_592,0.5783921658669684
Activity_646,Profile_555,0.5674103586028338
Activity_647,Profile_454,0.5720746613185606
Activity_648,Profile_360,0.5590537320097192
Activity_649,Profile_1000,0.5754166600937789
Activity_65,Profile_867,0.5968822021127691
Activity_650,Profile_409,0.573329089441412
Activity_651,Profile_428,0.5858383110518459
Activity_652,Profile_271,0.5936567481442055
Activity_653,Profile_590,0.5706307774380391
Activity_654,Profile_798,0.575362207237517
Activity_655,Profile_315,0.5702097525594362
Activity_656,Profile_344,0.589038949646171
Activity_657,Profile_312,0.6146032571335104
Activity_658,Profile_206,0.5692391284935329
Activity_659,Profile_250,0.5728571532697636
Activity_66,Profile_460,0.5551939665974035
Activity_660,Profile_774,0.5644725524019507
Activity_661,Profile_691,0.5862418643328638
Activity_662,Profile_39,0.5797176921744316
Activity_663,Profile_499,0.5704999317925481
Activity_664,Profile_812,0.5569527478782881
Activity_665,Profile_233,0.5816640599977458
Activity_666,Profile_384,0.5824645640505641
Activity_667,Profile_198,0.5585538354045841
Activity_668,Profile_168,0.5781705819650368
Activity_669,Profile_861,0.5897420791289288
Activity_67,Profile_993,0.582288296350943
Activity_670,Profile_307,0.574746120366696
Activity_671,Profile_259,0.5773168367600368
Activity_672,Profile_230,0.5771859722345994
Activity_673,Profile_348,0.5708735545469462
Activity_674,Profile_984,0.572520219243624
Activity_675,Profile_32,0.5671427053206928
Activity_676,Profile_701,0.5720695255145858
Activity_677,Profile_277,0.5699683418066068
Activity_678,Profile_216,0.6075884592127873
Activity_679,Profile_389,0.5793750890978083
Activity_68,Profile_486,0.5632750035182613
Activity_680,Profile_708,0.578506034794364
Activity_681,Profile_90,0.5922367297486258
Activity_682,Profile_57,0.5675864713621646
Activity_683,Profile_60,0.5864642865896708
Activity_684,Profile_810,0.5826393522413135
Activity_685,Profile_221,0.5615450410948344
Activity_686,Profile_335,0.5613395759757671
Activity_687,Profile_412,0.55858705733454
Activity_688,Profile_239,0.5703389698208706
Activity_689,Profile_458,0.5685367176001753
Activity_69,Profile_10,0.5663934077791621
Activity_690,Profile_391,0.5656855557773564
Activity_691,Profile_72,0.5820246064885481
Activity_692,Profile_767,0.5769682767691725
Activity_693,Profile_616,0.5701502138036778
Activity_694,Profile_908,0.6210567269809925
Activity_695,Profile_63,0.5689979611037326
Activity_696,Profile_766,0.5691918310356145
Activity_697,Profile_721,0.5757492607628124
Activity_698,Profile_386,0.5794857697067666
Activity_699,Profile_647,0.5656170005886008
Activity_7,Profile_948,0.5566370956856632
Activity_70,Profile_893,0.564189515352052
Activity_700,Profile_165,0.593922032505505
Activity_701,Profile_227,0.5579207654729019
Activity_702,Profile_209,0.5472581099309838
Activity_703,Profile_837,0.5755012283690646
Activity_704,Profile_6,0.5815509036230143
Activity_705,Profile_36,0.5764608037652823
Activity_706,Profile_943,0.5441999886444082
Activity_707,Profile_972,0.5765235163858632
Activity_708,Profile_474,0.5694121873861157
Activity_709,Profile_573,0.5800833959957841
Activity_71,Profile_226,0.5717530742254922
Activity_710,Profile_377,0.5877777848638747
Activity_711,Profile_930,0.5767495421594947
Activity_712,Profile_157,0.5581914946802082
Activity_713,Profile_612,0.5719345131901357
Activity_714,Profile_896,0.5619690272635355
Activity_715,Profile_882,0.5601265205040894
Activity_716,Profile_614,0.5726450946578088
Activity_717,Profile_799,0.5680585818974481
Activity_718,Profile_51,0.5738529514043424
Activity_719,Profile_489,0.5713285413795334
Activity_72,Profile_897,0.5618853519575335
Activity_720,Profile_410,0.5736774445373996
Activity_721,Profile_192,0.5642841719712981
Activity_722,Profile_339,0.562866274615754
Activity_723,Profile_605,0.5913473438295869
Activity_724,Profile_924,0.5639139431461708
Activity_725,Profile_535,0.5763487889381562
Activity_726,Profile_204,0.5713157438039477
Activity_727,Profile_482,0.5952903478769312
Activity_728,Profile_211,0.5993556067846146
Activity_729,Profile_134,0.5661067541398052
Activity_73,Profile_921,0.5617902941267222
Activity_730,Profile_435,0.5768530751152248
Activity_731,Profile_772,0.5683707422236524
Activity_732,Profile_359,0.5697069706425822
Activity_733,Profile_894,0.5709710384264491
Activity_734,Profile_970,0.5852562300397824
Activity_735,Profile_304,0.5893106554563831
Activity_736,Profile_58,0.5699297847626732
Activity_737,Profile_694,0.5790851245080206
Activity_738,Profile_595,0.5584525569822497
Activity_739,Profile_179,0.5554214542291374
Activity_74,Profile_856,0.5845938190363016
Activity_740,Profile_869,0.5680074098260703
Activity_741,Profile_548,0.5704458479731696
Activity_742,Profile_979,0.5654054922334429
Activity_743,Profile_805,0.5801687435674133
Activity_744,Profile_914,0.5813744819175551
Activity_745,Profile_565,0.5706716443336962
Activity_746,Profile_498,0.5711899171715016
Activity_747,Profile_864,0.5726152163558743
Activity_748,Profile_546,0.5856191532006018
Activity_749,Profile_375,0.5855484188790128
Activity_75,Profile_587,0.5976990452677873
Activity_750,Profile_152,0.5906908471944321
Activity_751,Profile_740,0.5826674883154815
Activity_752,Profile_949,0.5828461541282394
Activity_753,Profile_73,0.5594862734200923
Activity_754,Profile_201,0.5793821839107077
Activity_755,Profile_67,0.5827564305899734
Activity_756,Profile_328,0.5577944128918189
Activity_757,Profile_934,0.563897127632817
Activity_758,Profile_830,0.5626465002401456
Activity_759,Profile_838,0.5840615544226427
Activity_76,Profile_238,0.5632108412351119
Activity_760,Profile_314,0.561513960126096
Activity_761,Profile_507,0.5719672513333895
Activity_762,Profile_677,0.5731550182438473
Activity_763,Profile_808,0.5685257260702464
Activity_764,Profile_490,0.6004846074751987
Activity_765,Profile_109,0.5632829334577599
Activity_766,Profile_696,0.5599950224327331
Activity_767,Profile_448,0.5849114407584238
Activity_768,Profile_952,0.5922826576716774
Activity_769,Profile_488,0.5737714360944237
Activity_77,Profile_791,0.5580479368402659
Activity_770,Profile_850,0.5761990716576765
Activity_771,Profile_253,0.5708959802929807
Activity_772,Profile_716,0.5615576976647119
Activity_773,Profile_470,0.5811047835688508
Activity_774,Profile_900,0.5687263510747018
Activity_775,Profile_461,0.5825991475147696
Activity_776,Profile_620,0.5741245910610109
Activity_777,Profile_836,0.5710504014678967
Activity_778,Profile_327,0.5739954783220005
Activity_779,Profile_166,0.5772743801256218
Activity_78,Profile_730,0.5720465618099687
Activity_780,Profile_405,0.5673184558203731
Activity_781,Profile_22,0.5502123550435302
Activity_782,Profile_505,0.5734772637155577
Activity_783,Profile_920,0.565043083104924
Activity_784,Profile_912,0.5904831570082196
Activity_785,Profile_373,0.5777408993534282
Activity_786,Profile_139,0.5734784306510459
Activity_787,Profile_423,0.5507061508865088
Activity_788,Profile_933,0.5859002150738272
Activity_789,Profile_593,0.5786367782925897
Activity_79,Profile_173,0.5699095451073563
Activity_790,Profile_911,0.5941718971526702
Activity_791,Profile_795,0.5764469724720163
Activity_792,Profile_618,0.5860187705211903
Activity_793,Profile_247,0.5690313851066349
Activity_794,Profile_388,0.5817630829699725
Activity_795,Profile_265,0.565983795321402
Activity_796,Profile_980,0.577422353304091
Activity_797,Profile_704,0.5596383647347649
Activity_798,Profile_270,0.5508378212235333
Activity_799,Profile_813,0.5694363184992832
Activity_8,Profile_683,0.5701904563437491
Activity_80,Profile_40,0.5759429910040573
Activity_800,Profile_637,0.5753041417639267
Activity_801,Profile_831,0.5664553805544361
Activity_802,Profile_903,0.5946052739075905
Activity_803,Profile_951,0.5626437188299683
Activity_804,Profile_46,0.5695929400145874
Activity_805,Profile_318,0.5736526718065477
Activity_806,Profile_551,0.5624811951988979
Activity_807,Profile_743,0.5653082037752173
Activity_808,Profile_301,0.5541262188016642
Activity_809,Profile_59,0.573319629024577
Activity_81,Profile_1,0.5826482752487591
Activity_810,Profile_365,0.5761765820310273
Activity_811,Profile_189,0.5745606102157956
Activity_812,Profile_208,0.5708668344491626
Activity_813,Profile_155,0.5701225474965017
Activity_814,Profile_890,0.5608849218576833
Activity_815,Profile_681,0.5755704866247645
Activity_816,Profile_5,0.5819710149268373
Activity_817,Profile_15,0.5457878906788215
Activity_818,Profile_193,0.5619263585011397
Activity_819,Profile_973,0.5761470227030079
Activity_82,Profile_559,0.56070502931241
Activity_820,Profile_582,0.5746183629409228
Activity_821,Profile_257,0.5608430404696961
Activity_822,Profile_510,0.578408470304306
Activity_823,Profile_891,0.585517737908461
Activity_824,Profile_776,0.5825261690410563
Activity_825,Profile_628,0.5796646690694898
Activity_826,Profile_341,0.5513578855035777
Activity_827,Profile_82,0.5655652476542167
Activity_828,Profile_919,0.5739491876866578
Activity_829,Profile_638,0.5683377597435197
Activity_83,Profile_547,0.5865764757205499
Activity_830,Profile_446,0.5684180265218676
Activity_831,Profile_629,0.5689208499086174
Activity_832,Profile_598,0.5873661940459007
Activity_833,Profile_751,0.5721679006773769
Activity_834,Profile_762,0.5827742436939282
Activity_835,Profile_675,0.5706388798366121
Activity_836,Profile_873,0.5919251097660762
Activity_837,Profile_957,0.5891787784998506
Activity_838,Profile_781,0.5723093239580512
Activity_839,Profile_775,0.5561394109960243
Activity_84,Profile_522,0.5933411411315859
Activity_840,Profile_814,0.5831233763335274
Activity_841,Profile_558,0.5776765761361415
Activity_842,Profile_635,0.5749451653311466
Activity_843,Profile_996,0.5674155662617338
Activity_844,Profile_170,0.5778081951070706
Activity_845,Profile_717,0.5731776419222796
Activity_846,Profile_296,0.5767274542787806
Activity_847,Profile_115,0.5607574350329212
Activity_848,Profile_793,0.5777466666394597
Activity_849,Profile_794,0.5848795885809257
Activity_85,Profile_599,0.5646285846769041
Activity_850,Profile_387,0.5787915941679515
Activity_851,Profile_697,0.5813456449241962
Activity_852,Profile_925,0.5676792096456774
Activity_853,Profile_987,0.5549041306897159
Activity_854,Profile_556,0.5653563531527143
Activity_855,Profile_113,0.5747263039847263
Activity_856,Profile_130,0.5722326640962133
Activity_857,Profile_419,0.5515865568186609
Activity_858,Profile_281,0.5710333678253305
Activity_859,Profile_648,0.5720745640754169
Activity_86,Profile_690,0.58702752622863
Activity_860,Profile_801,0.5681483620133929
Activity_861,Profile_148,0.5722664198229739
Activity_862,Profile_160,0.5586462440768277
Activity_863,Profile_427,0.5932134133775767
Activity_864,Profile_566,0.5785895120148562
Activity_865,Profile_232,0.5686340682463548
Activity_866,Profile_538,0.5668377033986656
Activity_867,Profile_300,0.5660236879217788
Activity_868,Profile_779,0.5804192787437619
Activity_869,Profile_472,0.5649053218415094
Activity_87,Profile_237,0.5955453690204345
Activity_870,Profile_56,0.5712982565567057
Activity_871,Profile_958,0.5636829862381733
Activity_872,Profile_803,0.5643389522848911
Activity_873,Profile_105,0.5804530565832722
Activity_874,Profile_942,0.5648209657000803
Activity_875,Profile_534,0.5730643283932617
Activity_876,Profile_579,0.5669427243212626
Activity_877,Profile_496,0.5481283754857094
Activity_878,Profile_429,0.5695455039278737
Activity_879,Profile_361,0.5656601984515696
Activity_88,Profile_347,0.5746020217801358
Activity_880,Profile_753,0.5635434813857173
Activity_881,Profile_16,0.5815641006044872
Activity_882,Profile_935,0.5844703843753686
Activity_883,Profile_242,0.564283233022636
Activity_884,Profile_371,0.577035162619739
Activity_885,Profile_611,0.5692787118026558
Activity_886,Profile_889,0.5813374673958875
Activity_887,Profile_224,0.5745525552181335
Activity_888,Profile_646,0.5667929638699888
Activity_889,Profile_48,0.5674245781215177
Activity_89,Profile_272,0.5788621413177166
Activity_890,Profile_207,0.5731204299759854
Activity_891,Profile_228,0.5779540996313484
Activity_892,Profile_842,0.5692693439115255
Activity_893,Profile_111,0.5780344999238026
Activity_894,Profile_151,0.5769913858885061
Activity_895,Profile_960,0.5703751892937386
Activity_896,Profile_80,0.6037489286160268
Activity_897,Profile_110,0.5740137216596449
Activity_898,Profile_131,0.5768896061503743
Activity_899,Profile_122,0.5621854214871882
Activity_9,Profile_452,0.577086257844405
Activity_90,Profile_792,0.5668699899101993
Activity_900,Profile_821,0.587468693392055
Activity_901,Profile_142,0.5963802342206149
Activity_902,Profile_240,0.5769288770079116
Activity_903,Profile_31,0.571105389821615
Activity_904,Profile_854,0.5578366910745118
Activity_905,Profile_443,0.5578828856578537
Activity_906,Profile_790,0.5648136929067991
Activity_907,Profile_381,0.5820245360724645
Activity_908,Profile_453,0.5640324368730593
Activity_909,Profile_374,0.5709575966692252
Activity_91,Profile_849,0.592989640553907
Activity_910,Profile_917,0.5979470167254436
Activity_911,Profile_196,0.5713794469867216
Activity_912,Profile_284,0.5757105110793017
Activity_913,Profile_501,0.5552456595032894
Activity_914,Profile_320,0.5635161029058414
Activity_915,Profile_176,0.5892993901275201
Activity_916,Profile_156,0.5703381065147075
Activity_917,Profile_103,0.5649417803879676
Activity_918,Profile_390,0.5982017758710125
Activity_919,Profile_145,0.5807438339392957
Activity_92,Profile_202,0.5705388244844537
Activity_920,Profile_734,0.5667391496078289
Activity_921,Profile_824,0.5764281027122617
Activity_922,Profile_967,0.5664133930431113
Activity_923,Profile_140,0.5759424396555699
Activity_924,Profile_577,0.5637078175174666
Activity_925,Profile_746,0.5574904224351264
Activity_926,Profile_65,0.5629256437383179
Activity_927,Profile_737,0.5842995909631427
Activity_928,Profile_516,0.5870071980239336
Activity_929,Profile_621,0.5692802509908454
Activity_93,Profile_414,0.5731807521509065
Activity_930,Profile_545,0.5785361426351209
Activity_931,Profile_982,0.5862187371501164
Activity_932,Profile_874,0.5746841195744664
Activity_933,Profile_17,0.5529550249744535
Activity_934,Profile_895,0.5746055004795715
Activity_935,Profile_352,0.573835612659252
Activity_936,Profile_172,0.576556349128417
Activity_937,Profile_96,0.5945470489853556
Activity_938,Profile_782,0.5725976145632576
Activity_939,Profile_571,0.5611805500472733
Activity_94,Profile_521,0.598194656637569
Activity_940,Profile_569,0.5825363499065668
Activity_941,Profile_964,0.5734676778304224
Activity_942,Profile_844,0.5956632320085362
Activity_943,Profile_899,0.5626342708609361
Activity_944,Profile_61,0.5810967853606556
Activity_945,Profile_25,0.5789143513174914
Activity_946,Profile_735,0.5463690590608496
Activity_947,Profile_363,0.5780062402484145
Activity_948,Profile_128,0.5856124120998392
Activity_949,Profile_298,0.5609724855331982
Activity_95,Profile_495,0.5795178501893506
Activity_950,Profile_623,0.5673201155958026
Activity_951,Profile_653,0.5906532576443794
Activity_952,Profile_872,0.5731115137982427
Activity_953,Profile_827,0.5757735498110406
Activity_954,Profile_631,0.5836082919607835
Activity_955,Profile_393,0.5710916996202522
Activity_956,Profile_417,0.5859738113550735
Activity_957,Profile_459,0.5676973257636855
Activity_958,Profile_197,0.583929118066049
Activity_959,Profile_178,0.5913791997120573
Activity_96,Profile_578,0.5672345619746822
Activity_960,Profile_641,0.5867024803047347
Activity_961,Profile_102,0.5709802249484308
Activity_962,Profile_467,0.5788016674409482
Activity_963,Profile_954,0.5608434709278868
Activity_964,Profile_668,0.5555451813464047
Activity_965,Profile_713,0.5809995152242731
Activity_966,Profile_745,0.5651969765584621
Activity_967,Profile_52,0.5823213306784552
Activity_968,Profile_402,0.5881309823125683
Activity_969,Profile_137,0.5753979518684561
Activity_97,Profile_724,0.5788054496775605
Activity_970,Profile_909,0.5659812652928261
Activity_971,Profile_560,0.5570921579209817
Activity_972,Profile_727,0.5725012184710447
Activity_973,Profile_379,0.5755806283493616
Activity_974,Profile_95,0.5622679534547168
Activity_975,Profile_650,0.5767855939739054
Activity_976,Profile_898,0.5815800666913452
Activity_977,Profile_907,0.5611026957817522
Activity_978,Profile_426,0.5652481204682162
Activity_979,Profile_286,0.573813806686686
Activity_98,Profile_506,0.577428292270599
Activity_980,Profile_974,0.5852343413421295
Activity_981,Profile_337,0.5651960808287367
Activity_982,Profile_215,0.5703958985749292
Activity_983,Profile_254,0.5612121176902172
Activity_984,Profile_607,0.5862188076765363
Activity_985,Profile_404,0.5768044927396235
Activity_986,Profile_383,0.5821077615621445
Activity_987,Profile_731,0.5723580537633008
Activity_988,Profile_584,0.5971838570774259
Activity_989,Profile_420,0.5722994923044852
Activity_99,Profile_88,0.5610101256144173
Activity_990,Profile_267,0.5732861536109944
Activity_991,Profile_760,0.5676129394530531
Activity_992,Profile_961,0.5654450353001876
Activity_993,Profile_177,0.5506279356066084
Activity_994,Profile_164,0.5730982536909961
Activity_995,Profile_434,0.5821250532249767
Activity_996,Profile_11,0.5572917433785851
Activity_997,Profile_511,0.5638494284002458
Activity_998,Profile_292,0.5769528593068022
Activity_999,Profile_706,0.570541085705623
